accumulaterainfallincatchment,desiltingtunneloutflow,drainagetunneloutflow,effectivewaterstoragecapacity,inflowdischarge,observationtime,othersoutflow,poweroutletoutflow,predeterminedcrossflow,predeterminedoutflowtime,reservoiridentifier,spillwayoutflow,statustype,totaloutflow,waterdraw,waterlevel
,,,0.14,,2026-07-16T08:00:00,,,,,50303,,,0.0,,4.07
,,,0.36,,2026-07-16T08:00:00,,,,,50307,,,0.0,,7.93
,,,1.37,,2026-07-16T08:00:00,,,,,50304,,,0.0,,7.17
,,,2.28,,2026-07-16T08:00:00,,,,,50301,,,0.0,,7.34
,,,2.29,,2026-07-16T08:00:00,,,,,50302,,,0.0,,10.81
,,,2.5,,2026-07-16T08:00:00,,,,,50305,,,0.0,,16.71
,,,3.45,,2026-07-16T08:00:00,,,,,50306,,,0.0,,17.39
,,,4.42,,2026-07-16T07:00:00,,,,,30306,,,,,52.95
,,,5.07,,2026-07-16T07:00:00,,,,,50208,,,,,8.22
,,,5.21,0.02,2026-07-16T09:00:00,0.02,,,,40701,,,0.02,,18.3
,,,5.39,,2026-07-16T08:00:00,,,,,30602,,,,,25.66
,,,7.57,,2026-07-16T07:00:00,,,,,50209,,,,,12.23
,,,7.83,,2026-07-16T08:00:00,,,,,50309,,,0.0,,18.12
,,,11.08,,2026-07-16T07:00:00,,,,,50203,,,,,29.11
,,,12.54,,2026-07-16T08:00:00,,,,,50308,,,0.0,,18.14
,,,17.2,,2026-07-16T07:00:00,,,,,50214,,,,,17.52
,,,19.02,,2026-07-16T07:00:00,,,,,50204,,,,,18.17
,,,23.65,,2026-07-16T07:00:00,,,,,50206,,,,,30.59
,,,29.32,,2026-07-16T07:00:00,,,,,50213,,,,,15.79
,,,31.31,,2026-07-16T08:00:00,,,,,50310,,,0.0,,13.58
,,,34.01,,2026-07-16T07:00:00,,,,,50210,,,,,2.64
,,,35.96,,2026-07-16T07:00:00,,,,,50205,,,,,3.65
,,,36.66,,2026-07-16T07:00:00,,,,,10203,,,0.0,,71.95
,,,37.07,,2026-07-16T07:00:00,,,,,50212,,,,,2.6
,,,40.26,,2026-07-16T07:00:00,,,,,50207,,,,,3.47
,,,43.44,,2026-07-16T07:00:00,,,,,50202,,,,,6.01
,,,63.1,,2026-07-16T07:00:00,,,,,10211,,,0.0,,22.25
,,,78.52,,2026-07-16T08:00:00,,,,,30601,,,,,35.22
,,,148.08,,2026-07-16T07:00:00,,,,,50201,,,,,18.35
,,,164.16,,2026-07-16T07:00:00,,,,,30403,,,,,13.41
,,,222.0,,2026-07-16T08:00:00,,,,,30801,,,0.0,,17.43
,,,369.93,,2026-07-16T00:00:00,,,,,20508,,,0.0,,440.42
,,,424.02,7.87,2026-07-16T07:00:00,,,7.87,,10503,7.87,4,7.87,,68.84
,,,429.41,6.95,2026-07-16T11:00:00,,,3.95,,10503,3.95,4,3.95,,68.89
,,,465.41,,2026-07-15T23:00:00,,,,,10401,,,0.0,,140.99
,,,957.27,,2026-07-16T07:00:00,,,,,10204,,,0.0,,85.25
,,,1031.0,,2026-07-16T08:00:00,,,,,30401,,,,,106.72
,,,1120.11,0.0,2026-07-16T09:00:00,0.3,,,,10601,0.0,,0.3,,60.07
,,,1120.11,0.0,2026-07-16T12:00:00,0.5,,,,10601,0.0,,0.5,,60.07
,,,1120.11,0.0,2026-07-16T13:00:00,0.46,,,,10601,0.0,,0.46,,60.07
,,,1120.11,0.0,2026-07-16T15:00:00,0.45,,,,10601,0.0,,0.45,,60.07
,,,1121.57,0.0,2026-07-16T03:00:00,1.35,,,,10601,0.0,,1.35,,60.08
,,,1121.57,0.0,2026-07-16T10:00:00,0.27,,,,10601,0.0,,0.27,,60.08
,,,1121.57,0.0,2026-07-16T11:00:00,0.32,,,,10601,0.0,,0.32,,60.08
,,,1121.57,0.0,2026-07-16T14:00:00,0.51,,,,10601,0.0,,0.51,,60.08
,,,1123.04,0.0,2026-07-16T01:00:00,1.31,,,,10601,0.0,,1.31,,60.09
,,,1123.04,0.0,2026-07-16T02:00:00,1.31,,,,10601,0.0,,1.31,,60.09
,,,1123.04,0.0,2026-07-16T06:00:00,1.5,,,,10601,0.0,,1.5,,60.09
,,,1123.04,0.0,2026-07-16T07:00:00,1.35,,,,10601,0.0,,1.35,,60.09
,,,1123.04,0.0,2026-07-16T08:00:00,1.34,,,,10601,0.0,,1.34,,60.09
,,,1124.5,0.0,2026-07-16T04:00:00,1.35,,,,10601,0.0,,1.35,,60.1
,,,1124.5,0.0,2026-07-16T05:00:00,1.35,,,,10601,0.0,,1.35,,60.1
,,,1125.96,2.25,2026-07-15T19:00:00,1.41,,,,10601,0.0,,1.41,,60.11
,,,1125.96,2.36,2026-07-15T17:00:00,0.95,,,,10601,0.0,,0.95,,60.11
,,,1128.89,2.4,2026-07-16T00:00:00,1.39,,,,10601,0.0,,1.39,,60.13
,,,1128.89,2.45,2026-07-15T23:00:00,1.35,,,,10601,0.0,,1.35,,60.13
,,,1128.89,2.5,2026-07-15T22:00:00,1.35,,,,10601,0.0,,1.35,,60.13
,,,1128.89,2.62,2026-07-15T20:00:00,1.35,,,,10601,0.0,,1.35,,60.13
,,,1128.89,2.76,2026-07-15T18:00:00,1.42,,,,10601,0.0,,1.42,,60.13
,,,1128.89,2.96,2026-07-15T16:00:00,0.44,,,,10601,0.0,,0.44,,60.13
,,,1130.36,2.75,2026-07-15T21:00:00,1.35,,,,10601,0.0,,1.35,,60.14
,,,1432.4,,2026-07-15T16:00:00,,,,,20501,,,0.0,,1000.23
,,,1441.19,,2026-07-15T17:00:00,,,,,20501,,,0.0,,1000.28
,,,1448.25,,2026-07-15T18:00:00,,,,,20501,,,0.0,,1000.32
,,,1455.33,,2026-07-15T19:00:00,,,,,20501,,,0.0,,1000.36
,,,1464.22,,2026-07-15T20:00:00,,,,,20501,,,0.0,,1000.41
,,,1469.57,,2026-07-15T21:00:00,,,,,20501,,,0.0,,1000.44
,,,1480.3,,2026-07-15T22:00:00,,,,,20501,,,0.0,,1000.5
,,,1491.08,,2026-07-15T23:00:00,,,,,20501,,,0.0,,1000.56
,,,1500.11,,2026-07-16T00:00:00,,,,,20501,,,0.0,,1000.61
,,,1507.35,,2026-07-16T01:00:00,,,,,20501,,,0.0,,1000.65
,,,1516.45,,2026-07-16T02:00:00,,,,,20501,,,0.0,,1000.7
,,,1523.75,,2026-07-16T03:00:00,,,,,20501,,,0.0,,1000.74
,,,1532.91,,2026-07-16T04:00:00,,,,,20501,,,0.0,,1000.79
,,,1538.43,,2026-07-16T05:00:00,,,,,20501,,,0.0,,1000.82
,,,1547.66,,2026-07-16T06:00:00,,,,,20501,,,0.0,,1000.87
,,,1564.41,,2026-07-16T08:00:00,,,,,20501,,,0.0,,1000.96
,,,1571.9,,2026-07-16T09:00:00,,,,,20501,,,0.0,,1001.0
,,,1583.22,,2026-07-16T10:00:00,,,,,20501,,,0.0,,1001.06
,,,1592.71,,2026-07-16T11:00:00,,,,,20501,,,0.0,,1001.11
,,,1600.35,,2026-07-16T12:00:00,,,,,20501,,,0.0,,1001.15
,,,1608.03,,2026-07-16T13:00:00,,,,,20501,,,0.0,,1001.19
,,,1613.81,,2026-07-16T14:00:00,,,,,20501,,,0.0,,1001.22
,,,1615.74,,2026-07-16T15:00:00,,,,,20501,,,0.0,,1001.23
,,,1739.27,,2026-07-16T07:00:00,,,,,20501,,,0.0,,1000.95
,,,3246.66,,2026-07-16T15:00:00,,,,,10405,,,0.0,,150.47
,,,3248.06,,2026-07-16T14:00:00,,,,,10405,,,0.0,,150.48
,,,3249.76,,2026-07-16T13:00:00,,,,,10405,,,0.0,,150.49
,,,3251.15,,2026-07-16T12:00:00,,,,,10405,,,0.0,,150.5
,,,3253.17,,2026-07-16T11:00:00,,,,,10405,,,0.0,,150.52
,,,3255.03,,2026-07-16T10:00:00,,,,,10405,,,0.0,,150.53
,,,3256.27,,2026-07-16T09:00:00,,,,,10405,,,0.0,,150.54
,,,3257.82,,2026-07-16T08:00:00,,,,,10405,,,0.0,,150.55
,,,3259.37,,2026-07-16T07:00:00,,,,,10405,,,0.0,,150.56
,,,3260.92,,2026-07-16T06:00:00,,,,,10405,,,0.0,,150.57
,,,3262.63,,2026-07-16T05:00:00,,,,,10405,,,0.0,,150.58
,,,3264.34,,2026-07-16T04:00:00,,,,,10405,,,0.0,,150.59
,,,3266.2,,2026-07-16T03:00:00,,,,,10405,,,0.0,,150.6
,,,3267.91,,2026-07-16T02:00:00,,,,,10405,,,0.0,,150.61
,,,3269.62,,2026-07-16T01:00:00,,,,,10405,,,0.0,,150.62
,,,3271.17,,2026-07-16T00:00:00,,,,,10405,,,0.0,,150.63
,,,3273.04,,2026-07-15T23:00:00,,,,,10405,,,0.0,,150.64
,,,3274.75,,2026-07-15T22:00:00,,,,,10405,,,0.0,,150.65
,,,3276.46,,2026-07-15T21:00:00,,,,,10405,,,0.0,,150.67
,,,3278.17,,2026-07-15T20:00:00,,,,,10405,,,0.0,,150.68
,,,3279.72,,2026-07-15T19:00:00,,,,,10405,,,0.0,,150.69
,,,3282.05,,2026-07-15T18:00:00,,,,,10405,,,0.0,,150.7
,,,3283.61,,2026-07-15T17:00:00,,,,,10405,,,0.0,,150.71
,,,3285.33,,2026-07-15T16:00:00,,,,,10405,,,0.0,,150.72
,,,4837.0,,2026-07-16T07:00:00,,,,,30501,,,,,54.75
,,,11951.53,,2026-07-16T02:00:00,,,,,20502,,,,,747.24
,,,11951.53,,2026-07-16T03:00:00,,,,,20502,,,,,747.24
,,,11951.53,,2026-07-16T04:00:00,,,,,20502,,,,,747.24
,,,11991.31,,2026-07-16T01:00:00,,,,,20502,,,,,747.29
,,,12039.11,,2026-07-16T05:00:00,,,,,20502,,,,,747.35
,,,12071.01,,2026-07-16T00:00:00,,,,,20502,,,,,747.39
,,,12110.93,,2026-07-15T23:00:00,,,,,20502,,,,,747.44
,,,12158.89,,2026-07-16T06:00:00,,,,,20502,,,,,747.5
,,,12190.89,,2026-07-15T22:00:00,,,,,20502,,,,,747.54
,,,12223.19,,2026-07-16T07:00:00,,,,,20502,,,0.0,,747.7
,,,12279.02,,2026-07-15T21:00:00,,,,,20502,,,,,747.65
,,,12359.29,,2026-07-15T20:00:00,,,,,20502,,,,,747.75
,,,12447.75,,2026-07-15T19:00:00,,,,,20502,,,,,747.86
,,,12479.95,,2026-07-16T08:00:00,,,,,20502,,,,,747.9
,,,12488.01,,2026-07-15T18:00:00,,,,,20502,,,,,747.91
,,,12520.24,,2026-07-16T09:00:00,,,,,20502,,,,,747.95
,,,12528.3,,2026-07-15T17:00:00,,,,,20502,,,,,747.96
,,,12560.56,,2026-07-16T10:00:00,,,,,20502,,,,,748.0
,,,12560.56,,2026-07-16T11:00:00,,,,,20502,,,,,748.0
,,,12560.56,,2026-07-16T12:00:00,,,,,20502,,,,,748.0
,,,12592.83,,2026-07-15T16:00:00,,,,,20502,,,,,748.04
,,,12641.28,,2026-07-16T13:00:00,,,,,20502,,,,,748.1
,,,12641.28,,2026-07-16T15:00:00,,,,,20502,,,,,748.1
,,,12681.69,,2026-07-16T14:00:00,,,,,20502,,,,,748.15
,,,16614.53,51.5,2026-07-15T17:00:00,0.94,0.0,,,20201,,,0.94,,1404.25
,,,16630.5,51.13,2026-07-15T18:00:00,0.47,0.0,,,20201,,,0.47,,1404.29
,,,16646.47,50.84,2026-07-15T19:00:00,1.1,0.0,,,20201,,,1.1,,1404.33
,,,16662.46,50.51,2026-07-15T20:00:00,0.0,0.0,,,20201,,,0.0,,1404.37
,,,16682.46,50.75,2026-07-15T21:00:00,0.0,0.0,,,20201,,,0.0,,1404.42
,,,16702.47,50.97,2026-07-15T22:00:00,0.0,0.0,,,20201,,,0.0,,1404.47
,,,16718.5,50.69,2026-07-15T23:00:00,0.0,0.0,,,20201,,,0.0,,1404.51
,,,16738.54,50.9,2026-07-16T00:00:00,0.0,0.0,,,20201,,,0.0,,1404.56
,,,16754.59,44.57,2026-07-16T01:00:00,0.0,0.0,,,20201,,,0.0,,1404.6
,,,16770.64,44.59,2026-07-16T02:00:00,0.0,0.0,,,20201,,,0.0,,1404.64
,,,16786.71,44.6,2026-07-16T03:00:00,0.0,0.0,,,20201,,,0.0,,1404.68
,,,16802.79,44.62,2026-07-16T04:00:00,0.0,0.0,,,20201,,,0.0,,1404.72
,,,16818.89,44.64,2026-07-16T05:00:00,0.0,0.0,,,20201,,,0.0,,1404.76
,,,16834.99,44.65,2026-07-16T06:00:00,0.0,0.0,,,20201,,,0.0,,1404.8
,,,16851.11,46.0,2026-07-16T07:00:00,0.0,0.0,,,20201,,,0.0,,1404.84
,,,16867.24,44.85,2026-07-16T08:00:00,1.27,0.0,,,20201,,,1.27,,1404.88
,,,16883.38,46.4,2026-07-16T09:00:00,13.97,0.0,,,20201,,,13.97,,1404.92
,,,16899.53,46.39,2026-07-16T10:00:00,1.43,0.0,,,20201,,,1.43,,1404.96
,,,16915.69,46.73,2026-07-16T11:00:00,5.24,0.0,,,20201,,,5.24,,1405.0
,,,16931.87,46.66,2026-07-16T12:00:00,0.95,0.0,,,20201,,,0.95,,1405.04
,,,16948.06,46.6,2026-07-16T13:00:00,0.95,0.0,,,20201,,,0.95,,1405.08
,,,16960.22,45.76,2026-07-16T14:00:00,1.11,0.0,,,20201,,,1.11,,1405.11
,,,16976.45,45.74,2026-07-16T15:00:00,0.32,0.0,,,20201,,,0.32,,1405.15
0.0,,,,,2026-07-16T07:00:00,,,,,10802,,,0.0,,4.64
0.0,,,,62.18,2026-07-16T08:00:00,48.02,,,,31002,,,48.02,14.16,246.31
0.0,,,,65.1,2026-07-16T07:00:00,50.83,,,,31002,,,50.83,14.28,246.33
0.0,,,,65.87,2026-07-16T06:00:00,51.41,,,,31002,,,51.41,14.45,246.33
0.0,,,,66.29,2026-07-16T05:00:00,51.85,,,,31002,,,51.85,14.44,246.33
0.0,,,,67.27,2026-07-16T04:00:00,52.87,,,,31002,,,52.87,14.4,246.34
0.0,,,,67.77,2026-07-16T03:00:00,53.35,,,,31002,,,53.35,14.43,246.34
0.0,,,,67.92,2026-07-16T02:00:00,56.58,,,,31002,,,56.58,11.34,246.35
0.0,,,,69.24,2026-07-16T01:00:00,57.94,,,,31002,,,57.94,11.3,246.36
0.0,,,,69.82,2026-07-15T16:00:00,58.3,,,,31002,,,58.3,11.52,246.36
0.0,,,,264.4,2026-07-16T09:00:00,259.15,,,,30901,,,259.15,5.25,16.31
0.0,,,,267.2,2026-07-16T08:00:00,261.95,,,,30901,,,261.95,5.25,16.32
0.0,,,,268.9,2026-07-16T06:00:00,263.63,,,,30901,,,263.63,5.27,16.33
0.0,,,,270.1,2026-07-16T07:00:00,264.83,,,,30901,,,264.83,5.27,16.33
0.0,,,,274.9,2026-07-16T02:00:00,269.63,,,,30901,,,269.63,5.27,16.35
0.0,,,,274.9,2026-07-16T03:00:00,269.63,,,,30901,,,269.63,5.27,16.35
0.0,,,,274.9,2026-07-16T04:00:00,269.63,,,,30901,,,269.63,5.27,16.35
0.0,,,,274.9,2026-07-16T05:00:00,269.63,,,,30901,,,269.63,5.27,16.35
0.0,,,,278.0,2026-07-16T01:00:00,272.73,,,,30901,,,272.73,5.27,16.36
0.0,,,1.82,0.0,2026-07-16T07:00:00,,,,,50108,,,0.0,0.0,4.9
0.0,,,21.9,0.0,2026-07-16T07:00:00,,,,,50106,,,0.0,0.0,23.9
0.0,,,25.19,0.0,2026-07-16T07:00:00,,,,,50104,,,0.0,0,0.98
0.0,,,27.3,108.0,2026-07-16T02:00:00,,,,,20202,,,,,272.32
0.0,,,31.07,105.87,2026-07-16T14:00:00,,,,,20202,,,,,272.44
0.0,,,31.71,120.34,2026-07-16T13:00:00,,,,,20202,,,,,272.46
0.0,,,32.03,125.48,2026-07-16T10:00:00,,,,,20202,,,,,272.47
0.0,,,32.36,126.55,2026-07-16T09:00:00,,,,,20202,,,,,272.48
0.0,,,32.36,127.09,2026-07-16T08:00:00,,,,,20202,,,,,272.48
0.0,,,32.68,128.77,2026-07-16T11:00:00,,,,,20202,,,,,272.49
0.0,,,33.0,193.12,2026-07-16T01:00:00,,,,,20202,,,,,272.5
0.0,,,33.67,131.92,2026-07-16T12:00:00,,,,,20202,,,,,272.52
0.0,,,33.67,196.1,2026-07-16T00:00:00,,,,,20202,,,,,272.52
0.0,,,35.0,130.91,2026-07-16T07:00:00,,,,,20202,,,,,272.56
0.0,,,35.0,135.54,2026-07-16T03:00:00,,,,,20202,,,,,272.56
0.0,,,38.38,136.06,2026-07-16T06:00:00,,,,,20202,,,,,272.66
0.0,,,38.72,136.06,2026-07-16T05:00:00,,,,,20202,,,,,272.67
0.0,,,39.07,146.46,2026-07-16T04:00:00,,,,,20202,,,,,272.68
0.0,,,40.1,156.98,2026-07-15T18:00:00,,,,,20202,,,,,272.71
0.0,,,40.45,143.02,2026-07-15T17:00:00,,,,,20202,,,,,272.72
0.0,,,40.45,143.79,2026-07-15T16:00:00,,,,,20202,,,,,272.72
0.0,,,48.51,0.01,2026-07-16T07:00:00,,,,,30504,,,0.0,0.01,138.22
0.0,,,65.18,168.81,2026-07-16T06:00:00,,,,,20503,,,71.37,,209.5
0.0,,,66.07,176.89,2026-07-16T05:00:00,,,,,20503,,,79.3,,209.52
0.0,,,66.51,156.76,2026-07-16T09:00:00,,,,,20503,,,61.88,,209.53
0.0,,,66.95,176.09,2026-07-16T04:00:00,,,,,20503,,,79.5,,209.54
0.0,,,67.83,183.96,2026-07-16T00:00:00,,,,,20503,,,79.53,,209.56
0.0,,,68.28,176.93,2026-07-16T03:00:00,,,,,20503,,,79.03,,209.57
0.0,,,68.72,161.44,2026-07-16T08:00:00,,,,,20503,,,61.93,,209.58
0.0,,,69.16,182.01,2026-07-16T02:00:00,,,,,20503,,,79.88,,209.59
0.0,,,69.16,186.11,2026-07-16T01:00:00,,,,,20503,,,79.93,,209.59
0.0,,,69.6,167.06,2026-07-16T07:00:00,,,,,20503,,,53.32,,209.6
0.0,,,70.92,139.35,2026-07-16T10:00:00,,,,,20503,,,25.95,,209.63
0.0,,,78.43,149.39,2026-07-16T15:00:00,,,,,20503,,,50.9,,209.77
0.0,,,78.87,145.9,2026-07-16T14:00:00,,,,,20503,,,58.3,,209.82
0.0,,,80.2,142.82,2026-07-16T11:00:00,,,,,20503,,,16.38,,209.84
0.0,,,82.85,158.64,2026-07-16T13:00:00,,,,,20503,,,66.51,,209.9
0.0,,,85.49,151.7,2026-07-16T12:00:00,,,,,20503,,,37.81,,209.96
0.0,,,117.49,,2026-07-16T07:00:00,,,,,10212,,,0.0,,43.85
0.0,,,458.61,,2026-07-16T07:00:00,,,,,10401,,,0.0,,140.87
0.0,,,922.1,1.3,2026-07-16T07:00:00,,,,,30302,,,0.0,,75.41
0.0,,,2883.72,0.0,2026-07-16T13:00:00,2.09,,,,10501,,,2.09,,84.34
0.0,,,2883.72,0.0,2026-07-16T14:00:00,2.13,,,,10501,,,2.13,,84.34
0.0,,,2883.72,0.0,2026-07-16T15:00:00,2.12,,,,10501,,,2.12,,84.34
0.0,,,2885.45,0.0,2026-07-16T11:00:00,2.12,,,,10501,,,2.12,,84.35
0.0,,,2885.45,0.0,2026-07-16T12:00:00,2.1,,,,10501,,,2.1,,84.35
0.0,,,2897.55,0.0,2026-07-15T18:00:00,0.0,,,,10501,,,0.0,,84.42
0.0,,,2897.55,0.0,2026-07-15T20:00:00,0.0,,,,10501,,,0.0,,84.42
0.0,,,2897.55,0.0,2026-07-15T21:00:00,0.0,,,,10501,,,0.0,,84.42
0.0,,,2897.55,0.0,2026-07-15T22:00:00,0.0,,,,10501,,,0.0,,84.42
0.0,,,2897.55,0.0,2026-07-15T23:00:00,0.0,,,,10501,,,0.0,,84.42
0.0,,,2897.55,0.0,2026-07-16T00:00:00,0.0,,,,10501,,,0.0,,84.42
0.0,,,2897.55,0.0,2026-07-16T01:00:00,0.0,,,,10501,,,0.0,,84.42
0.0,,,2897.55,0.0,2026-07-16T02:00:00,0.0,,,,10501,,,0.0,,84.42
0.0,,,2897.55,0.0,2026-07-16T04:00:00,0.0,,,,10501,,,0.0,,84.42
0.0,,,2897.55,0.0,2026-07-16T05:00:00,0.0,,,,10501,,,0.0,,84.42
0.0,,,2897.55,0.0,2026-07-16T06:00:00,0.0,,,,10501,,,0.0,,84.42
0.0,,,2897.55,0.0,2026-07-16T09:00:00,0.0,,,,10501,,,0.0,,84.42
0.0,,,2897.55,0.0,2026-07-16T10:00:00,0.0,,,,10501,,,0.0,,84.42
0.0,,,2897.55,2.09,2026-07-16T07:00:00,2.09,,,,10501,,,2.09,,84.42
0.0,,,2897.55,2.11,2026-07-16T03:00:00,2.11,,,,10501,,,2.11,,84.42
0.0,,,2897.55,2.11,2026-07-16T08:00:00,2.11,,,,10501,,,2.11,,84.42
0.0,,,2897.55,0.0,2026-07-15T19:00:00,0.0,,,,10501,,,0.0,,84.42
0.0,,,2899.29,0.66,2026-07-15T17:00:00,2.08,,,,10501,,,2.08,,84.43
0.0,,,5020.33,0.0,2026-07-16T01:00:00,,,,,20509,0.0,-1,0.09,4.07,211.4
0.0,,,5020.33,1.3,2026-07-16T02:00:00,,,,,20509,0.0,-1,0.09,4.09,211.4
0.0,,,5020.33,2.24,2026-07-16T03:00:00,,,,,20509,0.0,-1,0.09,4.07,211.4
0.0,,,5020.33,2.71,2026-07-16T04:00:00,,,,,20509,0.0,-1,0.09,4.06,211.4
0.0,,,5020.33,3.04,2026-07-16T05:00:00,,,,,20509,0.0,-1,0.09,4.1,211.4
0.0,,,5020.33,3.21,2026-07-16T06:00:00,,,,,20509,0.0,-1,0.09,4.08,211.4
0.0,,,5020.33,3.36,2026-07-16T07:00:00,,,,,20509,0.0,-1,0.09,4.09,211.4
0.0,,,5020.33,3.45,2026-07-16T08:00:00,,,,,20509,0.0,-1,0.09,4.08,211.4
0.0,,,5020.33,3.53,2026-07-16T09:00:00,,,,,20509,0.0,-1,0.09,4.08,211.4
0.0,,,5020.33,3.6,2026-07-16T10:00:00,,,,,20509,0.0,-1,0.09,4.09,211.4
0.0,,,5022.4,2.75,2026-07-15T16:00:00,,,,,20509,0.0,-1,0.09,4.1,211.41
0.0,,,5022.4,3.04,2026-07-16T11:00:00,,,,,20509,0.0,-1,0.09,2.95,211.41
0.0,,,5022.4,3.21,2026-07-16T00:00:00,,,,,20509,0.0,-1,0.09,4.05,211.41
0.0,,,5026.53,4.0,2026-07-16T12:00:00,,,,,20509,0.0,-1,0.09,2.95,211.43
0.0,,,5030.67,4.8,2026-07-16T13:00:00,,,,,20509,0.0,-1,0.09,2.94,211.45
0.0,,,5034.81,5.49,2026-07-16T14:00:00,,,,,20509,0.0,-1,0.09,2.94,211.47
0.0,,,5038.94,6.17,2026-07-16T15:00:00,,,,,20509,0.0,-1,0.09,3.02,211.49
0.0,,,8037.31,14.32,2026-07-16T07:00:00,,,,,30503,,,0.0,15.03,179.69
0.0,,,11553.02,7.82,2026-07-16T10:00:00,0.0,5.03,,,20101,5.14,3,10.17,9.26,300.01
0.0,,,11553.02,19.41,2026-07-16T11:00:00,0.0,4.97,,,20101,5.14,3,10.11,9.45,300.01
0.0,,,11553.02,19.47,2026-07-16T13:00:00,0.0,4.97,,,20101,5.14,3,10.11,9.48,300.01
0.0,,,11553.02,19.56,2026-07-16T12:00:00,0.0,5.03,,,20101,5.14,3,10.17,9.32,300.01
0.0,,,11553.02,19.59,2026-07-16T14:00:00,0.0,4.97,,,20101,5.14,3,10.11,9.28,300.01
0.0,,,11557.43,9.9,2026-07-16T05:00:00,0.0,4.99,,,20101,6.0,3,10.99,9.18,300.02
0.0,,,11557.43,20.09,2026-07-16T09:00:00,0.0,4.94,,,20101,6.0,3,10.94,9.14,300.02
0.0,,,11557.43,20.16,2026-07-16T06:00:00,0.0,4.98,,,20101,6.0,3,10.98,9.17,300.02
0.0,,,11557.43,20.16,2026-07-16T07:00:00,0.0,4.98,,,20101,6.0,3,10.98,9.17,300.02
0.0,,,11557.43,20.16,2026-07-16T08:00:00,0.0,4.93,,,20101,6.0,3,10.93,9.16,300.02
0.0,,,11561.84,22.04,2026-07-16T00:00:00,0.0,4.91,,,20101,8.0,3,12.91,9.2,300.03
0.0,,,11561.84,22.04,2026-07-16T02:00:00,0.0,4.99,,,20101,8.0,3,12.99,9.16,300.03
0.0,,,11561.84,22.11,2026-07-16T01:00:00,0.0,4.95,,,20101,8.0,3,12.95,9.08,300.03
0.0,,,11561.84,22.16,2026-07-16T03:00:00,0.0,5.01,,,20101,8.0,3,13.01,9.21,300.03
0.0,,,11561.84,22.21,2026-07-16T04:00:00,0.0,4.91,,,20101,8.0,3,12.91,9.21,300.03
0.0,,0.0,29626.76,35.33,2026-07-15T21:00:00,0.0,82.16,,,10205,0.0,,82.16,,161.64
0.0,,0.0,29643.62,35.35,2026-07-15T20:00:00,0.0,82.16,,,10205,0.0,,82.16,,161.66
0.0,,0.0,29660.48,35.3,2026-07-15T19:00:00,0.0,82.16,,,10205,0.0,,82.16,,161.68
0.0,,0.0,29677.34,35.31,2026-07-15T18:00:00,0.0,82.16,,,10205,0.0,,82.16,,161.7
0.0,,0.0,29694.21,35.28,2026-07-15T17:00:00,0.0,82.16,,,10205,0.0,,82.16,,161.72
0.0,,0.0,29711.09,35.32,2026-07-15T16:00:00,0.0,82.16,,,10205,0.0,,82.16,,161.74
0.0,0.0,,37077.0,44.44,2026-07-15T16:00:00,0.0,0.0,,,30502,0.0,,0.0,,223.39
0.0,0.0,,37226.0,47.22,2026-07-16T01:00:00,0.0,0.0,,,30502,0.0,,0.0,,223.48
0.0,0.0,,37242.0,43.06,2026-07-16T03:00:00,0.0,0.0,,,30502,0.0,,0.0,,223.49
0.0,0.0,,37242.0,44.44,2026-07-16T02:00:00,0.0,0.0,,,30502,0.0,,0.0,,223.49
0.0,0.0,,37259.0,47.22,2026-07-16T04:00:00,0.0,0.0,,,30502,0.0,,0.0,,223.5
0.0,0.0,,37275.0,44.44,2026-07-16T05:00:00,0.0,0.0,,,30502,0.0,,0.0,,223.51
0.0,0.0,,37292.0,47.22,2026-07-16T06:00:00,0.0,0.0,,,30502,0.0,,0.0,,223.52
0.0,0.0,,37308.0,44.44,2026-07-16T07:00:00,0.0,0.0,,,30502,0.0,,0.0,,223.53
0.0,0.0,,37325.0,43.52,2026-07-16T09:00:00,0.0,0.0,,,30502,0.0,,0.0,,223.54
0.0,0.0,,37325.0,47.22,2026-07-16T08:00:00,0.0,0.0,,,30502,0.0,,0.0,,223.54
0.0,0.0,,37341.0,44.44,2026-07-16T10:00:00,0.0,0.0,,,30502,0.0,,0.0,,223.55
0.0,0.0,,37358.0,47.22,2026-07-16T11:00:00,0.0,0.0,,,30502,0.0,,0.0,,223.56
0.0,0.0,,37374.0,44.44,2026-07-16T12:00:00,0.0,0.0,,,30502,0.0,,0.0,,223.57
0.0,0.0,,37391.0,47.22,2026-07-16T13:00:00,0.0,0.0,,,30502,0.0,,0.0,,223.58
0.0,0.0,0.0,55.0,3.96,2026-07-16T01:00:00,,,,,30802,1.14,,1.14,0.0,30.38
0.0,0.0,0.0,57.0,6.68,2026-07-16T02:00:00,,,,,30802,1.07,,1.07,0.0,30.4
0.0,0.0,0.0,58.0,3.89,2026-07-16T03:00:00,,,,,30802,1.07,,1.07,0.0,30.41
0.0,0.0,0.0,59.0,3.98,2026-07-16T04:00:00,,,,,30802,1.14,,1.14,0.0,30.42
0.0,0.0,0.0,61.0,6.76,2026-07-16T05:00:00,,,,,30802,1.14,,1.14,0.0,30.44
0.0,0.0,0.0,62.0,3.95,2026-07-16T06:00:00,,,,,30802,1.14,,1.14,0.0,30.45
0.0,0.0,0.0,63.0,3.95,2026-07-16T07:00:00,,,,,30802,1.14,,1.14,0.0,30.46
0.0,0.0,0.0,64.0,3.89,2026-07-16T08:00:00,,,,,30802,1.07,,1.07,0.0,30.47
0.0,0.0,0.0,66.0,6.68,2026-07-16T09:00:00,,,,,30802,1.07,,1.07,0.0,30.49
0.0,0.0,0.0,67.0,3.91,2026-07-16T10:00:00,,,,,30802,1.07,,1.07,0.0,30.5
0.0,0.0,0.0,68.0,3.91,2026-07-16T11:00:00,,,,,30802,1.07,,1.07,0.0,30.51
0.0,0.0,0.0,69.0,3.89,2026-07-16T12:00:00,,,,,30802,1.07,,1.07,0.0,30.52
0.0,0.0,0.0,70.0,3.9,2026-07-16T13:00:00,,,,,30802,1.08,,1.08,0.0,30.53
0.0,0.0,0.0,71.0,3.81,2026-07-16T14:00:00,,,,,30802,1.0,,1.0,0.0,30.54
0.0,0.0,0.0,72.0,3.89,2026-07-16T15:00:00,,,,,30802,1.08,,1.08,0.0,30.55
0.0,2.8,0.0,2188.0,3.22,2026-07-16T07:00:00,,1.0,,,31201,0.0,,3.8,,138.87
0.0,2.8,0.0,2188.0,3.22,2026-07-16T11:00:00,,1.0,,,31201,0.0,,3.8,,138.87
0.0,2.8,0.0,2188.0,3.77,2026-07-16T01:00:00,,1.0,,,31201,0.0,,3.8,,138.87
0.0,2.8,0.0,2188.0,3.77,2026-07-16T02:00:00,,1.0,,,31201,0.0,,3.8,,138.87
0.0,2.8,0.0,2188.0,3.77,2026-07-16T03:00:00,,1.0,,,31201,0.0,,3.8,,138.87
0.0,2.8,0.0,2188.0,3.77,2026-07-16T04:00:00,,1.0,,,31201,0.0,,3.8,,138.87
0.0,2.8,0.0,2188.0,3.77,2026-07-16T05:00:00,,1.0,,,31201,0.0,,3.8,,138.87
0.0,2.8,0.0,2188.0,3.77,2026-07-16T08:00:00,,1.0,,,31201,0.0,,3.8,,138.87
0.0,2.8,0.0,2188.0,3.77,2026-07-16T10:00:00,,1.0,,,31201,0.0,,3.8,,138.87
0.0,2.8,0.0,2188.0,4.33,2026-07-16T06:00:00,,1.0,,,31201,0.0,,3.8,,138.87
0.0,2.8,0.0,2188.0,4.33,2026-07-16T09:00:00,,1.0,,,31201,0.0,,3.8,,138.87
0.0,2.8,0.0,2188.0,4.33,2026-07-16T12:00:00,,1.0,,,31201,0.0,,3.8,,138.87
0.0,2.8,0.0,2190.0,4.36,2026-07-16T13:00:00,,1.0,,,31201,0.0,,3.8,,138.88
0.1,,,,60.35,2026-07-16T15:00:00,45.84,,,,31002,,,45.84,14.52,246.3
0.1,,,,60.59,2026-07-16T14:00:00,46.13,,,,31002,,,46.13,14.46,246.31
0.1,,,,60.79,2026-07-16T12:00:00,45.84,,,,31002,,,45.84,14.95,246.3
0.1,,,,60.85,2026-07-16T13:00:00,45.9,,,,31002,,,45.9,14.95,246.31
0.1,,,,61.32,2026-07-16T10:00:00,46.37,,,,31002,,,46.37,14.95,246.31
0.1,,,,61.57,2026-07-16T11:00:00,46.62,,,,31002,,,46.62,14.95,246.31
0.1,,,,61.9,2026-07-16T09:00:00,47.8,,,,31002,,,47.8,14.1,246.31
0.1,,,,262.1,2026-07-16T13:00:00,256.3,,,,30901,,,256.3,5.8,16.3
0.1,,,,264.9,2026-07-16T10:00:00,259.1,,,,30901,,,259.1,5.8,16.32
0.1,,,,264.9,2026-07-16T11:00:00,259.1,,,,30901,,,259.1,5.8,16.31
0.1,,,,264.9,2026-07-16T12:00:00,259.1,,,,30901,,,259.1,5.8,16.31
0.1,,,11566.26,34.39,2026-07-15T16:00:00,0.0,5.0,,,20101,10.0,3,15.0,9.1,300.04
0.1,0.0,,37408.0,47.22,2026-07-16T14:00:00,0.0,0.0,,,30502,0.0,,0.0,,223.59
0.1,314.0,0.0,20303.91,143.26,2026-07-15T17:00:00,,58.06,,,10201,,,372.06,8.56,244.74
0.1,314.0,0.0,20389.36,262.06,2026-07-15T16:00:00,,58.06,,,10201,,,372.06,8.56,244.84
0.2,,,,256.7,2026-07-16T14:00:00,250.9,,,,30901,,,250.9,5.8,16.28
0.2,,,64.74,162.34,2026-07-15T17:00:00,,,,,20503,,,69.55,,209.49
0.2,,,67.39,172.41,2026-07-15T16:00:00,,,,,20503,,,69.62,,209.55
0.2,,,11566.26,24.1,2026-07-15T17:00:00,0.0,4.94,,,20101,10.0,3,14.94,9.21,300.04
0.2,,,11566.26,24.14,2026-07-15T18:00:00,0.0,5.0,,,20101,10.0,3,15.0,9.23,300.04
0.2,,,11566.26,24.22,2026-07-15T19:00:00,0.0,4.96,,,20101,10.0,3,14.96,9.16,300.04
0.2,0.0,,37424.0,44.44,2026-07-16T15:00:00,0.0,0.0,,,30502,0.0,,0.0,,223.6
0.2,34.0,0.0,20064.76,76.86,2026-07-15T21:00:00,,58.06,,,10201,,,92.06,8.56,244.46
0.2,34.0,0.0,20090.33,172.41,2026-07-15T22:00:00,,58.06,,,10201,,,92.06,9.31,244.49
0.2,34.0,0.0,20227.02,148.14,2026-07-16T05:00:00,,58.06,,,10201,,,92.06,8.56,244.65
0.2,34.0,0.0,20252.68,171.9,2026-07-16T06:00:00,,58.06,,,10201,,,92.06,8.56,244.68
0.2,34.0,0.0,20269.79,148.14,2026-07-16T07:00:00,,58.06,,,10201,,,92.06,8.56,244.7
0.2,34.0,0.0,20295.36,171.66,2026-07-16T08:00:00,,58.06,,,10201,,,92.06,8.56,244.73
0.2,34.0,0.0,20303.91,125.88,2026-07-16T09:00:00,,58.06,,,10201,,,92.06,10.06,244.74
0.2,34.0,0.0,20321.02,149.64,2026-07-16T10:00:00,,58.06,,,10201,,,92.06,10.06,244.76
0.2,34.0,0.0,20329.57,125.63,2026-07-16T11:00:00,,58.06,,,10201,,,92.06,9.81,244.77
0.2,34.0,0.0,20338.04,125.14,2026-07-16T12:00:00,,58.06,,,10201,,,92.06,9.56,244.78
0.2,34.0,0.0,20346.6,125.38,2026-07-16T13:00:00,,58.06,,,10201,,,92.06,9.56,244.79
0.2,34.0,0.0,20363.7,149.14,2026-07-16T14:00:00,,58.06,,,10201,,,92.06,9.56,244.81
0.2,314.0,0.0,20073.31,167.26,2026-07-15T20:00:00,,58.06,,,10201,,,372.06,8.56,244.47
0.2,314.0,0.0,20150.12,167.02,2026-07-15T19:00:00,,58.06,,,10201,,,372.06,8.56,244.56
0.2,314.0,0.0,20227.02,167.02,2026-07-15T18:00:00,,58.06,,,10201,,,372.06,8.56,244.65
0.3,,,31.71,110.75,2026-07-16T15:00:00,,,,,20202,,,,,272.46
0.3,,0.0,29609.9,105.55,2026-07-16T00:00:00,0.0,82.16,,,10205,0.0,,82.16,,161.62
0.4,,,11561.84,11.87,2026-07-15T20:00:00,0.0,4.98,,,20101,8.0,3,12.98,9.16,300.03
0.4,0.0,,37094.0,47.22,2026-07-15T17:00:00,0.0,0.0,,,30502,0.0,,0.0,,223.4
0.5,,,63.42,155.27,2026-07-15T18:00:00,,,,,20503,,,57.9,,209.46
0.5,,,421.87,23.39,2026-07-15T19:00:00,,,16.08,,10503,16.08,4,16.08,,68.82
0.5,,,424.02,23.43,2026-07-15T16:00:00,,,23.43,,10503,23.43,4,23.43,,68.84
0.5,,,2383.98,2.3,2026-07-16T07:00:00,,,,,30301,,,0.0,,104.67
0.5,,,11553.02,19.43,2026-07-16T15:00:00,0.0,4.95,,,20101,5.14,3,10.09,9.16,300.01
0.5,,,11561.84,22.1,2026-07-15T22:00:00,0.0,5.0,,,20101,8.0,3,13.0,9.23,300.03
0.5,,,11561.84,22.14,2026-07-15T21:00:00,0.0,4.97,,,20101,8.0,3,12.97,9.13,300.03
0.5,,,11561.84,22.22,2026-07-15T23:00:00,0.0,4.93,,,20101,8.0,3,12.93,9.12,300.03
0.6,34.0,0.0,20389.36,172.9,2026-07-16T15:00:00,,58.06,,,10201,,,92.06,9.56,244.84
0.7,,,,256.7,2026-07-16T15:00:00,250.91,,,,30901,,,250.91,5.79,16.28
0.8,2.8,0.0,2188.0,3.77,2026-07-16T14:00:00,,1.0,,,31201,0.0,,3.8,,138.87
0.8,2.8,0.0,2190.0,3.19,2026-07-16T15:00:00,,1.0,,,31201,0.0,,3.8,,138.88
1.0,,,0.32,0.0,2026-07-16T07:00:00,,,,,50109,,,0.0,0.0,3.5
1.0,,,23.4,0.0,2026-07-16T07:00:00,,,,,50105,,,0.0,0.0,12.4
1.1,,0.0,29609.9,35.34,2026-07-15T22:00:00,0.0,82.16,,,10205,0.0,,82.16,,161.62
1.4,,,,69.24,2026-07-15T17:00:00,58.47,,,,31002,,,58.47,10.77,246.36
1.6,,,,68.74,2026-07-15T18:00:00,57.96,,,,31002,,,57.96,10.77,246.36
1.6,,,,69.59,2026-07-16T00:00:00,58.29,,,,31002,,,58.29,11.3,246.36
1.6,,,,70.33,2026-07-15T23:00:00,59.06,,,,31002,,,59.06,11.27,246.36
1.6,,,,70.37,2026-07-15T20:00:00,59.14,,,,31002,,,59.14,11.23,246.36
1.6,,,,71.56,2026-07-15T22:00:00,60.28,,,,31002,,,60.28,11.28,246.37
1.6,,,,71.86,2026-07-15T21:00:00,60.64,,,,31002,,,60.64,11.22,246.37
1.6,,,,72.52,2026-07-15T19:00:00,60.96,,,,31002,,,60.96,11.57,246.37
1.6,,,41.15,188.27,2026-07-15T19:00:00,,,,,20202,,,,,272.74
1.6,34.0,0.0,20115.99,173.4,2026-07-15T23:00:00,,58.06,,,10201,,,92.06,10.06,244.52
1.8,,,,290.8,2026-07-15T16:00:00,285.54,,,,30901,,,285.54,5.26,16.4
2.0,,,5020.33,2.56,2026-07-15T18:00:00,,,,,20509,0.0,-1,0.09,4.07,211.4
2.0,,,5020.33,2.65,2026-07-15T19:00:00,,,,,20509,0.0,-1,0.09,4.07,211.4
2.0,,,5020.33,2.74,2026-07-15T20:00:00,,,,,20509,0.0,-1,0.09,4.09,211.4
2.0,,,5020.33,2.81,2026-07-15T21:00:00,,,,,20509,0.0,-1,0.09,4.09,211.4
2.0,,,5020.33,2.85,2026-07-15T22:00:00,,,,,20509,0.0,-1,0.09,4.07,211.4
2.0,,,5020.33,2.93,2026-07-15T23:00:00,,,,,20509,0.0,-1,0.09,4.09,211.4
2.0,,,5022.4,2.84,2026-07-15T17:00:00,,,,,20509,0.0,-1,0.09,4.1,211.41
2.1,,,61.21,152.21,2026-07-15T19:00:00,,,,,20503,,,57.63,,209.41
2.2,,,20.48,0.0,2026-07-16T07:00:00,,,,,50103,,,0.0,0.0,4.46
2.2,,,40.63,0.0,2026-07-16T07:00:00,,,,,50102,,,0.0,0.28,8.36
2.2,,,67.83,169.7,2026-07-15T20:00:00,,,,,20503,,,49.87,,209.56
2.2,,,70.04,178.29,2026-07-15T21:00:00,,,,,20503,,,69.19,,209.61
2.2,,,118.5,0.0,2026-07-16T07:00:00,,,,,31301,,,0.0,0.12,8.89
2.3,0.0,0.0,42.0,3.89,2026-07-15T16:00:00,,,,,30802,1.07,,1.07,0.0,30.25
2.3,0.0,0.0,44.0,6.71,2026-07-15T17:00:00,,,,,30802,1.07,,1.07,0.0,30.27
2.3,0.0,0.0,45.0,3.89,2026-07-15T18:00:00,,,,,30802,1.07,,1.07,0.0,30.28
2.3,0.0,0.0,47.0,6.77,2026-07-15T19:00:00,,,,,30802,1.14,,1.14,0.0,30.3
2.3,0.0,0.0,49.0,6.67,2026-07-15T20:00:00,,,,,30802,1.07,,1.07,0.0,30.32
2.3,0.0,0.0,50.0,3.9,2026-07-15T21:00:00,,,,,30802,1.07,,1.07,0.0,30.33
2.3,0.0,0.0,51.0,3.9,2026-07-15T22:00:00,,,,,30802,1.07,,1.07,0.0,30.34
2.3,0.0,0.0,53.0,6.69,2026-07-15T23:00:00,,,,,30802,1.07,,1.07,0.0,30.36
2.3,0.0,0.0,54.0,3.89,2026-07-16T00:00:00,,,,,30802,1.07,,1.07,0.0,30.37
2.5,,,41.5,215.56,2026-07-15T20:00:00,,,,,20202,,,,,272.75
2.6,,,34.0,194.81,2026-07-15T23:00:00,,,,,20202,,,,,272.53
2.6,,,35.0,192.75,2026-07-15T22:00:00,,,,,20202,,,,,272.56
2.6,,,37.7,195.47,2026-07-15T21:00:00,,,,,20202,,,,,272.64
2.7,,,,284.2,2026-07-15T17:00:00,278.94,,,,30901,,,278.94,5.26,16.38
2.8,,,68.28,182.97,2026-07-15T22:00:00,,,,,20503,,,86.97,,209.57
2.9,,,,281.1,2026-07-15T18:00:00,275.84,,,,30901,,,275.84,5.26,16.37
3.0,,,,274.9,2026-07-15T22:00:00,269.61,,,,30901,,,269.61,5.29,16.35
3.0,,,,278.0,2026-07-15T19:00:00,272.74,,,,30901,,,272.74,5.26,16.36
3.0,,,,278.0,2026-07-15T20:00:00,272.71,,,,30901,,,272.71,5.29,16.36
3.0,,,,278.0,2026-07-15T21:00:00,272.71,,,,30901,,,272.71,5.29,16.36
3.0,,,,278.0,2026-07-15T23:00:00,272.71,,,,30901,,,272.71,5.29,16.36
3.0,,,,278.0,2026-07-16T00:00:00,272.71,,,,30901,,,272.71,5.29,16.36
3.6,0.0,,37110.0,44.44,2026-07-15T18:00:00,0.0,0.0,,,30502,0.0,,0.0,,223.41
3.8,0.0,,37110.0,43.06,2026-07-15T19:00:00,0.0,0.0,,,30502,0.0,,0.0,,223.41
3.8,0.0,,37127.0,47.22,2026-07-15T20:00:00,0.0,0.0,,,30502,0.0,,0.0,,223.42
3.8,0.0,,37160.0,91.67,2026-07-15T21:00:00,0.0,0.0,,,30502,0.0,,0.0,,223.44
3.8,0.0,,37176.0,44.44,2026-07-15T22:00:00,0.0,0.0,,,30502,0.0,,0.0,,223.45
3.8,0.0,,37193.0,47.22,2026-07-15T23:00:00,0.0,0.0,,,30502,0.0,,0.0,,223.46
3.8,0.0,,37209.0,44.44,2026-07-16T00:00:00,0.0,0.0,,,30502,0.0,,0.0,,223.47
4.1,,,66.95,175.28,2026-07-15T23:00:00,,,,,20503,,,78.79,,209.54
5.6,,0.0,29601.48,58.78,2026-07-15T23:00:00,0.0,82.16,,,10205,0.0,,82.16,,161.61
6.4,2.8,0.0,2185.0,6.8,2026-07-15T16:00:00,,1.0,,,31201,0.0,,3.8,,138.84
6.9,2.8,0.0,2185.0,3.77,2026-07-15T18:00:00,,1.0,,,31201,0.0,,3.8,,138.84
6.9,2.8,0.0,2185.0,3.77,2026-07-15T19:00:00,,1.0,,,31201,0.0,,3.8,,138.84
6.9,2.8,0.0,2185.0,5.5,2026-07-15T17:00:00,,1.0,,,31201,0.0,,3.8,,138.84
7.9,,0.0,29609.9,82.16,2026-07-16T01:00:00,0.0,82.16,,,10205,0.0,,82.16,,161.62
8.5,,0.0,29525.69,58.8,2026-07-16T12:00:00,0.0,82.16,,,10205,0.0,,82.16,,161.52
8.5,,0.0,29534.11,58.78,2026-07-16T11:00:00,0.0,82.16,,,10205,0.0,,82.16,,161.53
8.5,,0.0,29542.52,35.37,2026-07-16T10:00:00,0.0,82.16,,,10205,0.0,,82.16,,161.54
8.5,,0.0,29559.37,58.75,2026-07-16T09:00:00,0.0,82.16,,,10205,0.0,,82.16,,161.56
8.5,,0.0,29567.8,58.78,2026-07-16T08:00:00,0.0,82.16,,,10205,0.0,,82.16,,161.57
8.5,,0.0,29576.21,58.77,2026-07-16T07:00:00,0.0,82.16,,,10205,0.0,,82.16,,161.58
8.5,,0.0,29584.64,58.74,2026-07-16T06:00:00,0.0,82.16,,,10205,0.0,,82.16,,161.59
8.5,,0.0,29593.07,58.78,2026-07-16T05:00:00,0.0,82.16,,,10205,0.0,,82.16,,161.6
8.5,,0.0,29601.48,58.78,2026-07-16T02:00:00,0.0,82.16,,,10205,0.0,,82.16,,161.61
8.5,,0.0,29601.48,82.16,2026-07-16T03:00:00,0.0,82.16,,,10205,0.0,,82.16,,161.61
8.5,,0.0,29601.48,82.16,2026-07-16T04:00:00,0.0,82.16,,,10205,0.0,,82.16,,161.61
8.6,,0.0,29483.61,35.4,2026-07-16T15:00:00,0.0,82.16,,,10205,0.0,,82.16,,161.47
8.6,,0.0,29500.45,58.8,2026-07-16T14:00:00,0.0,82.16,,,10205,0.0,,82.16,,161.49
8.6,,0.0,29508.86,35.39,2026-07-16T13:00:00,0.0,82.16,,,10205,0.0,,82.16,,161.5
9.5,2.8,0.0,2186.0,6.5,2026-07-15T20:00:00,,1.0,,,31201,0.0,,3.8,,138.85
9.7,2.8,0.0,2187.0,7.25,2026-07-15T21:00:00,,1.0,,,31201,0.0,,3.8,,138.86
10.9,2.8,0.0,2187.0,4.94,2026-07-15T22:00:00,,1.0,,,31201,0.0,,3.8,,138.86
10.9,2.8,0.0,2188.0,6.5,2026-07-15T23:00:00,,1.0,,,31201,0.0,,3.8,,138.87
11.0,2.8,0.0,2188.0,4.94,2026-07-16T00:00:00,,1.0,,,31201,0.0,,3.8,,138.87
13.0,,,367.43,11.37,2026-07-16T08:00:00,,,,,30803,,,0.0,16.5,44.91
